<?xml version="1.0" encoding="UTF-8" standalone="no"?>
<beans xmlns="http://www.springframework.org/schema/beans"
	xmlns:xsi="http://www.w3.org/2001/XMLSchema-instance"
	xsi:schemaLocation="http://www.springframework.org/schema/beans http://www.springframework.org/schema/beans/spring-beans-3.2.xsd">

	<bean id="controller"
		class="sample.spring.chapter02.bankapp.controller.FixedDepositControllerImpl">
		<property name="fixedDepositService" ref="service" />
	</bean>

	<bean id="service"
		class="sample.spring.chapter02.bankapp.service.FixedDepositServiceImpl">
		<property name="fixedDepositDao" ref="dao"/>
	</bean>

	<bean id="dao"
		class="sample.spring.chapter02.bankapp.dao.FixedDepositDaoImpl" />

	<bean id="fixedDepositDetails"
		class="sample.spring.chapter02.bankapp.domain.FixedDepositDetails"
		scope="prototype" />

	<bean id="anotherDao"
		class="sample.spring.chapter02.bankapp.dao.FixedDepositDaoImpl" />

</beans>
